lp,file
0,content_0.txt
1,content_1.txt
2,content_2.txt
3,content_3.txt
4,content_4.txt
5,content_5.txt
6,content_6.txt
7,content_7.txt
8,content_8.txt
9,content_9.txt
10,content_10.txt
11,content_11.txt
12,content_12.txt
13,content_13.txt
14,content_14.txt
15,content_15.txt
16,content_16.txt
17,content_17.txt
18,content_18.txt
19,content_19.txt
20,content_20.txt
21,content_21.txt
22,content_22.txt
23,content_23.txt
24,content_24.txt
25,content_25.txt
26,content_26.txt
27,content_27.txt
28,content_28.txt
29,content_29.txt
30,content_30.txt
31,content_31.txt
32,content_32.txt
33,content_33.txt
34,content_34.txt
35,content_35.txt
36,content_36.txt
37,content_37.txt
38,content_38.txt
39,content_39.txt
40,content_40.txt
41,content_41.txt
42,content_42.txt
43,content_43.txt
44,content_44.txt
45,content_45.txt
46,content_46.txt
47,content_47.txt
48,content_48.txt
49,content_49.txt
50,content_50.txt
51,content_51.txt
52,content_52.txt
53,content_53.txt
54,content_54.txt
55,content_55x.txt
56,content_56.txt
57,content_57.txt
58,content_58.txt
59,content_59.txt
60,content_60.txt
61,content_61.txt
62,content_62.txt
63,content_63.txt
64,content_64.txt
,
65,content_65.txt
66,content_66.txt
67,content_67.txt
68,content_68.txt
69,content_69.txt
70,content_70.txt
71,content_71.txt
72,content_72.txt
73,content_73.txt
74,content_74.txt
75,content_75.txt
76,content_76.txt
77,content_77.txt
78,content_78.txt
79,content_79.txt
80,content_80.txt
81,content_81.txt
82,content_82.txt
83,content_83.txt
84,content_84.txt
85,content_85.txt
86,content_86.txt
87,content_87.txt
88,content_88.txt
89,content_89.txt
90,content_90.txt
91,content_91.txt
92,content_92.txt
93,content_93.txt
94,content_94.txt
95,content_95.txt
96,content_96.txt
97,content_97.txt
98,content_98.txt
99,content_99.txt
